tool,vendor,modes,web_live_access,citations_behavior,agentic_actions,freshness_scope,official_links,release_highlights_2025,limitations,best_for,notes,Transparency,Freshness,AgenticPower,Breadth,Category
ChatGPT,,,,,,,,,,,,4.0,4.0,5.0,4.0,Conversational AI
Chatgpt (openai),OpenAI,Search; Operator (agent),Yes,Search responses include Sources sidebar/links,Full web navigation via Operator (click/scroll/type); research workflows,General web; can operate forms and multi-step tasks,https://openai.com/index/introducing-chatgpt-search/ | https://openai.com/index/introducing-operator/,Operator research preview launched (Jan 2025); integrated web search with citations,Operator initially limited availability; research preview; sensitive actions may require user confirmation,Complex tasks requiring interaction with websites; end-to-end workflows,"Use for form-filling, bookings, exports; pair with Make/Zapier for scheduling and verification",,,,,
Claude,Anthropic,Claude 3.7 Sonnet + Web search,Yes (toggle in settings),Provides direct citations when web data used,Primarily search & synthesis; no full web navigation like Operator,Pulls web results on demand when enabled,https://www.anthropic.com/news/web-search,Web search added (Mar 2025) for Claude 3.7 Sonnet,Feature limited to certain model/tier; not an agentic browser,High‑quality synthesis with sources; safer summaries,Enable web search in profile; pair with automation for monitoring,4.0,4.0,2.0,4.0,Conversational AI
Gemini,,,,,,,,,,,,4.0,5.0,2.0,5.0,Conversational AI
Gemini / google search ai mode,Google,AI Overviews; AI Mode (conversational search),Yes (built on Google index),Link-rich overviews; opens supporting sources,Search and summarize; actions roadmap (agents like ‘Mariner’ discussed),Google index + Shopping Graph; multimodal (images),https://blog.google/products/search/google-search-ai-mode-update/,AI Mode announced/expanded at I/O 2025; visual search fan-out; Gemini 2.0 upgrades,Personalization may bias; execution/agent actions limited vs full agents,Real-time web/search coverage; local shopping/stock info,Strong for multimodal/image queries; pair with orchestration for alerts,,,,,
Grok,xAI,Realtime search; Deep/DeeperSearch; Grok 4 models,Yes (including X/Twitter),Links vary; strong emphasis on real-time trends,"Tool-use via API (web_search, x_search); reasoning ‘Think’ modes",Realtime trends and news via X; web integration,https://x.ai/news/grok-4 | https://docs.x.ai/docs/release-notes,Grok 4 released (Jul 2025); Tools GA incl. web_search/x_search (Oct 2025),Source quality varies; not ideal as sole authority for prices,Trend sensing; monitoring live discourse and sentiment,Use as early-signal layer; confirm with stable web sources,3.0,5.0,3.0,4.0,Conversational AI
Manus,Manus,Wide Research; Agentic sessions,Yes,Collects links per sub-agent; user composes final set,Parallel sub-agents across large corpora; exportable results,Hundreds of agents in parallel for breadth,https://manus.im/features/wide-research | https://venturebeat.com/ai/youve-heard-of-ai-deep-research-tools-now-manus-is-launching-wide-research-that-spins-up-100-agents-to-scour-the-web-for-you/,‘Wide Research’ introduced; parallel agent clusters,Breadth over precision; needs dedup/verification pipeline,Large catalogs/market maps; bulk price scraping via agents,"Pair with Make/Zapier for dedup, normalization, and monitoring",3.0,3.0,3.0,5.0,Research Agent
Perplexity,Perplexity AI,Search/Reasoning; Deep Research,Yes,Mandatory inline citations for claims,Limited web actions; focuses on multi-hop search and synthesis,Dozens of searches; hundreds of sources per Deep Research run,https://www.perplexity.ai/hub/blog/introducing-perplexity-deep-research,Deep Research launched (Feb 2025) delivering autonomous multi-hop reports,Less capable for logged-in flows/forms; requires external orchestration for actions,"Fast, transparent answers with citations; landscape scans; price/news checks",Great as the ‘source finder’; feed URLs to agentic tool or Make/Zapier,5.0,4.0,2.0,5.0,Search Engine
STORM,Stanford OVAL,Open-source research agent framework,Yes (via connectors),Generates source-backed drafts; research previews and GitHub,Configurable pipelines; human-in-the-loop ‘Co-STORM’,Depends on deployment; uses web search for curation,https://storm.genie.stanford.edu/ | https://github.com/stanford-oval/storm,Active OSS project; co-curation features; widely trialed,Requires setup/hosting; not turnkey,Custom pipelines; on-prem governance,Ideal when compliance requires OSS + auditability,4.0,3.0,2.0,4.0,Research Assistant
